pokedex_number,name,generation,base_happiness,hp,attack,defense,speed,height_m,weight_kg,type1,type2,is_legendary
1,Bulbasaur,1,70,45,49,49,45,0.7,6.9,grass,poison,0
2,Ivysaur,1,70,60,62,63,60,1,13,grass,poison,0
3,Venusaur,1,70,80,100,123,80,2,100,grass,poison,0
4,Charmander,1,70,39,52,43,65,0.6,8.5,fire,,0
5,Charmeleon,1,70,58,64,58,80,1.1,19,fire,,0
6,Charizard,1,70,78,104,78,100,1.7,90.5,fire,flying,0
7,Squirtle,1,70,44,48,65,43,0.5,9,water,,0
8,Wartortle,1,70,59,63,80,58,1,22.5,water,,0
9,Blastoise,1,70,79,103,120,78,1.6,85.5,water,,0
10,Caterpie,1,70,45,30,35,45,0.3,2.9,bug,,0
11,Metapod,1,70,50,20,55,30,0.7,9.9,bug,,0
12,Butterfree,1,70,60,45,50,70,1.1,32,bug,flying,0
13,Weedle,1,70,40,35,30,50,0.3,3.2,bug,poison,0
14,Kakuna,1,70,45,25,50,35,0.6,10,bug,poison,0
15,Beedrill,1,70,65,150,40,145,1,29.5,bug,poison,0
16,Pidgey,1,70,40,45,40,56,0.3,1.8,normal,flying,0
17,Pidgeotto,1,70,63,60,55,71,1.1,30,normal,flying,0
18,Pidgeot,1,70,83,80,80,121,1.5,39.5,normal,flying,0
19,Rattata,1,70,30,56,35,72,0.3,3.5,normal,dark,0
20,Raticate,1,70,75,71,70,77,0.7,19,normal,dark,0
21,Spearow,1,70,40,60,30,70,0.3,2,normal,flying,0
22,Fearow,1,70,65,90,65,100,1.2,38,normal,flying,0
23,Ekans,1,70,35,60,44,55,2,6.9,poison,,0
24,Arbok,1,70,60,95,69,80,3.5,65,poison,,0
25,Pikachu,1,70,35,55,40,90,0.4,6,electric,,0
26,Raichu,1,70,60,85,50,110,0.8,30,electric,electric,0
27,Sandshrew,1,70,50,75,90,40,0.6,12,ground,ice,0
28,Sandslash,1,70,75,100,120,65,1,29,ground,ice,0
29,Nidoran♀,1,70,55,47,52,41,0.4,7,poison,,0
30,Nidorina,1,70,70,62,67,56,0.8,20,poison,,0
31,Nidoqueen,1,70,90,92,87,76,1.3,60,poison,ground,0
32,Nidoran♂,1,70,46,57,40,50,0.5,9,poison,,0
33,Nidorino,1,70,61,72,57,65,0.9,19.5,poison,,0
34,Nidoking,1,70,81,102,77,85,1.4,62,poison,ground,0
35,Clefairy,1,140,70,45,48,35,0.6,7.5,fairy,,0
36,Clefable,1,140,95,70,73,60,1.3,40,fairy,,0
37,Vulpix,1,70,38,41,40,65,0.6,9.9,fire,ice,0
38,Ninetales,1,70,73,67,75,109,1.1,20,fire,ice,0
39,Jigglypuff,1,70,115,45,20,20,0.5,5.5,normal,fairy,0
40,Wigglytuff,1,70,140,70,45,45,1,12,normal,fairy,0
41,Zubat,1,70,40,45,35,55,0.8,7.5,poison,flying,0
42,Golbat,1,70,75,80,70,90,1.6,55,poison,flying,0
43,Oddish,1,70,45,50,55,30,0.5,5.4,grass,poison,0
44,Gloom,1,70,60,65,70,40,0.8,8.6,grass,poison,0
45,Vileplume,1,70,75,80,85,50,1.2,18.6,grass,poison,0
46,Paras,1,70,35,70,55,25,0.3,5.4,bug,grass,0
47,Parasect,1,70,60,95,80,30,1,29.5,bug,grass,0
48,Venonat,1,70,60,55,50,45,1,30,bug,poison,0
49,Venomoth,1,70,70,65,60,90,1.5,12.5,bug,poison,0
50,Diglett,1,70,10,55,30,90,0.2,0.8,ground,ground,0
51,Dugtrio,1,70,35,100,60,110,0.7,33,ground,ground,0
52,Meowth,1,70,40,35,35,90,0.4,4.2,normal,dark,0
53,Persian,1,70,65,60,60,115,1,32,normal,dark,0
54,Psyduck,1,70,50,52,48,55,0.8,19.6,water,,0
55,Golduck,1,70,80,82,78,85,1.7,76.6,water,,0
56,Mankey,1,70,40,80,35,70,0.5,28,fighting,,0
57,Primeape,1,70,65,105,60,95,1,32,fighting,,0
58,Growlithe,1,70,55,70,45,60,0.7,19,fire,,0
59,Arcanine,1,70,90,110,80,95,1.9,155,fire,,0
60,Poliwag,1,70,40,50,40,90,0.6,12.4,water,,0
61,Poliwhirl,1,70,65,65,65,90,1,20,water,,0
62,Poliwrath,1,70,90,95,95,70,1.3,54,water,fighting,0
63,Abra,1,70,25,20,15,90,0.9,19.5,psychic,,0
64,Kadabra,1,70,40,35,30,105,1.3,56.5,psychic,,0
65,Alakazam,1,70,55,50,65,150,1.5,48,psychic,,0
66,Machop,1,70,70,80,50,35,0.8,19.5,fighting,,0
67,Machoke,1,70,80,100,70,45,1.5,70.5,fighting,,0
68,Machamp,1,70,90,130,80,55,1.6,130,fighting,,0
69,Bellsprout,1,70,50,75,35,40,0.7,4,grass,poison,0
70,Weepinbell,1,70,65,90,50,55,1,6.4,grass,poison,0
71,Victreebel,1,70,80,105,65,70,1.7,15.5,grass,poison,0
72,Tentacool,1,70,40,40,35,70,0.9,45.5,water,poison,0
73,Tentacruel,1,70,80,70,65,100,1.6,55,water,poison,0
74,Geodude,1,70,40,80,100,20,0.4,20,rock,ground,0
75,Graveler,1,70,55,95,115,35,1,105,rock,ground,0
76,Golem,1,70,80,120,130,45,1.4,300,rock,ground,0
77,Ponyta,1,70,50,85,55,90,1,30,fire,,0
78,Rapidash,1,70,65,100,70,105,1.7,95,fire,,0
79,Slowpoke,1,70,90,65,65,15,1.2,36,water,psychic,0
80,Slowbro,1,70,95,75,180,30,1.6,78.5,water,psychic,0
81,Magnemite,1,70,25,35,70,45,0.3,6,electric,steel,0
82,Magneton,1,70,50,60,95,70,1,60,electric,steel,0
83,Farfetch'd,1,70,52,90,55,60,0.8,15,normal,flying,0
84,Doduo,1,70,35,85,45,75,1.4,39.2,normal,flying,0
85,Dodrio,1,70,60,110,70,110,1.8,85.2,normal,flying,0
86,Seel,1,70,65,45,55,45,1.1,90,water,,0
87,Dewgong,1,70,90,70,80,70,1.7,120,water,ice,0
88,Grimer,1,70,80,80,50,25,0.9,30,poison,poison,0
89,Muk,1,70,105,105,75,50,1.2,30,poison,poison,0
90,Shellder,1,70,30,65,100,40,0.3,4,water,,0
91,Cloyster,1,70,50,95,180,70,1.5,132.5,water,ice,0
92,Gastly,1,70,30,35,30,80,1.3,0.1,ghost,poison,0
93,Haunter,1,70,45,50,45,95,1.6,0.1,ghost,poison,0
94,Gengar,1,70,60,65,80,130,1.5,40.5,ghost,poison,0
95,Onix,1,70,35,45,160,70,8.8,210,rock,ground,0
96,Drowzee,1,70,60,48,45,42,1,32.4,psychic,,0
97,Hypno,1,70,85,73,70,67,1.6,75.6,psychic,,0
98,Krabby,1,70,30,105,90,50,0.4,6.5,water,,0
99,Kingler,1,70,55,130,115,75,1.3,60,water,,0
100,Voltorb,1,70,40,30,50,100,0.5,10.4,electric,,0
101,Electrode,1,70,60,50,70,150,1.2,66.6,electric,,0
102,Exeggcute,1,70,60,40,80,40,0.4,2.5,grass,psychic,0
103,Exeggutor,1,70,95,105,85,45,2,120,grass,psychic,0
104,Cubone,1,70,50,50,95,35,0.4,6.5,ground,,0
105,Marowak,1,70,60,80,110,45,1,45,ground,fire,0
106,Hitmonlee,1,70,50,120,53,87,1.5,49.8,fighting,,0
107,Hitmonchan,1,70,50,105,79,76,1.4,50.2,fighting,,0
108,Lickitung,1,70,90,55,75,30,1.2,65.5,normal,,0
109,Koffing,1,70,40,65,95,35,0.6,1,poison,,0
110,Weezing,1,70,65,90,120,60,1.2,9.5,poison,,0
111,Rhyhorn,1,70,80,85,95,25,1,115,ground,rock,0
112,Rhydon,1,70,105,130,120,40,1.9,120,ground,rock,0
113,Chansey,1,140,250,5,5,50,1.1,34.6,normal,,0
114,Tangela,1,70,65,55,115,60,1,35,grass,,0
115,Kangaskhan,1,70,105,125,100,100,2.2,80,normal,,0
116,Horsea,1,70,30,40,70,60,0.4,8,water,,0
117,Seadra,1,70,55,65,95,85,1.2,25,water,,0
118,Goldeen,1,70,45,67,60,63,0.6,15,water,,0
119,Seaking,1,70,80,92,65,68,1.3,39,water,,0
120,Staryu,1,70,30,45,55,85,0.8,34.5,water,,0
121,Starmie,1,70,60,75,85,115,1.1,80,water,psychic,0
122,Mr. Mime,1,70,40,45,65,90,1.3,54.5,psychic,fairy,0
123,Scyther,1,70,70,110,80,105,1.5,56,bug,flying,0
124,Jynx,1,70,65,50,35,95,1.4,40.6,ice,psychic,0
125,Electabuzz,1,70,65,83,57,105,1.1,30,electric,,0
126,Magmar,1,70,65,95,57,93,1.3,44.5,fire,,0
127,Pinsir,1,70,65,155,120,105,1.5,55,bug,,0
128,Tauros,1,70,75,100,95,110,1.4,88.4,normal,,0
129,Magikarp,1,70,20,10,55,80,0.9,10,water,,0
130,Gyarados,1,70,95,155,109,81,6.5,235,water,flying,0
131,Lapras,1,70,130,85,80,60,2.5,220,water,ice,0
132,Ditto,1,70,48,48,48,48,0.3,4,normal,,0
133,Eevee,1,70,55,55,50,55,0.3,6.5,normal,,0
134,Vaporeon,1,70,130,65,60,65,1,29,water,,0
135,Jolteon,1,70,65,65,60,130,0.8,24.5,electric,,0
136,Flareon,1,70,65,130,60,65,0.9,25,fire,,0
137,Porygon,1,70,65,60,70,40,0.8,36.5,normal,,0
138,Omanyte,1,70,35,40,100,35,0.4,7.5,rock,water,0
139,Omastar,1,70,70,60,125,55,1,35,rock,water,0
140,Kabuto,1,70,30,80,90,55,0.5,11.5,rock,water,0
141,Kabutops,1,70,60,115,105,80,1.3,40.5,rock,water,0
142,Aerodactyl,1,70,80,135,85,150,1.8,59,rock,flying,0
143,Snorlax,1,70,160,110,65,30,2.1,460,normal,,0
144,Articuno,1,35,90,85,100,85,1.7,55.4,ice,flying,1
145,Zapdos,1,35,90,90,85,100,1.6,52.6,electric,flying,1
146,Moltres,1,35,90,100,90,90,2,60,fire,flying,1
147,Dratini,1,35,41,64,45,50,1.8,3.3,dragon,,0
148,Dragonair,1,35,61,84,65,70,4,16.5,dragon,,0
149,Dragonite,1,35,91,134,95,80,2.2,210,dragon,flying,0
150,Mewtwo,1,0,106,150,70,140,2,122,psychic,,1
151,Mew,1,100,100,100,100,100,0.4,4,psychic,,1
152,Chikorita,2,70,45,49,65,45,0.9,6.4,grass,,0
153,Bayleef,2,70,60,62,80,60,1.2,15.8,grass,,0
154,Meganium,2,70,80,82,100,80,1.8,100.5,grass,,0
155,Cyndaquil,2,70,39,52,43,65,0.5,7.9,fire,,0
156,Quilava,2,70,58,64,58,80,0.9,19,fire,,0
157,Typhlosion,2,70,78,84,78,100,1.7,79.5,fire,,0
158,Totodile,2,70,50,65,64,43,0.6,9.5,water,,0
159,Croconaw,2,70,65,80,80,58,1.1,25,water,,0
160,Feraligatr,2,70,85,105,100,78,2.3,88.8,water,,0
161,Sentret,2,70,35,46,34,20,0.8,6,normal,,0
162,Furret,2,70,85,76,64,90,1.8,32.5,normal,,0
163,Hoothoot,2,70,60,30,30,50,0.7,21.2,normal,flying,0
164,Noctowl,2,70,100,50,50,70,1.6,40.8,normal,flying,0
165,Ledyba,2,70,40,20,30,55,1,10.8,bug,flying,0
166,Ledian,2,70,55,35,50,85,1.4,35.6,bug,flying,0
167,Spinarak,2,70,40,60,40,30,0.5,8.5,bug,poison,0
168,Ariados,2,70,70,90,70,40,1.1,33.5,bug,poison,0
169,Crobat,2,70,85,90,80,130,1.8,75,poison,flying,0
170,Chinchou,2,70,75,38,38,67,0.5,12,water,electric,0
171,Lanturn,2,70,125,58,58,67,1.2,22.5,water,electric,0
172,Pichu,2,70,20,40,15,60,0.3,2,electric,,0
173,Cleffa,2,140,50,25,28,15,0.3,3,fairy,,0
174,Igglybuff,2,70,90,30,15,15,0.3,1,normal,fairy,0
175,Togepi,2,70,35,20,65,20,0.3,1.5,fairy,,0
176,Togetic,2,70,55,40,85,40,0.6,3.2,fairy,flying,0
177,Natu,2,70,40,50,45,70,0.2,2,psychic,flying,0
178,Xatu,2,70,65,75,70,95,1.5,15,psychic,flying,0
179,Mareep,2,70,55,40,40,35,0.6,7.8,electric,,0
180,Flaaffy,2,70,70,55,55,45,0.8,13.3,electric,,0
181,Ampharos,2,70,90,95,105,45,1.4,61.5,electric,,0
182,Bellossom,2,70,75,80,95,50,0.4,5.8,grass,,0
183,Marill,2,70,70,20,50,40,0.4,8.5,water,fairy,0
184,Azumarill,2,70,100,50,80,50,0.8,28.5,water,fairy,0
185,Sudowoodo,2,70,70,100,115,30,1.2,38,rock,,0
186,Politoed,2,70,90,75,75,70,1.1,33.9,water,,0
187,Hoppip,2,70,35,35,40,50,0.4,0.5,grass,flying,0
188,Skiploom,2,70,55,45,50,80,0.6,1,grass,flying,0
189,Jumpluff,2,70,75,55,70,110,0.8,3,grass,flying,0
190,Aipom,2,70,55,70,55,85,0.8,11.5,normal,,0
191,Sunkern,2,70,30,30,30,30,0.3,1.8,grass,,0
192,Sunflora,2,70,75,75,55,30,0.8,8.5,grass,,0
193,Yanma,2,70,65,65,45,95,1.2,38,bug,flying,0
194,Wooper,2,70,55,45,45,15,0.4,8.5,water,ground,0
195,Quagsire,2,70,95,85,85,35,1.4,75,water,ground,0
196,Espeon,2,70,65,65,60,110,0.9,26.5,psychic,,0
197,Umbreon,2,35,95,65,110,65,1,27,dark,,0
198,Murkrow,2,35,60,85,42,91,0.5,2.1,dark,flying,0
199,Slowking,2,70,95,75,80,30,2,79.5,water,psychic,0
200,Misdreavus,2,35,60,60,60,85,0.7,1,ghost,,0
201,Unown,2,70,48,72,48,48,0.5,5,psychic,,0
202,Wobbuffet,2,70,190,33,58,33,1.3,28.5,psychic,,0
203,Girafarig,2,70,70,80,65,85,1.5,41.5,normal,psychic,0
204,Pineco,2,70,50,65,90,15,0.6,7.2,bug,,0
205,Forretress,2,70,75,90,140,40,1.2,125.8,bug,steel,0
206,Dunsparce,2,70,100,70,70,45,1.5,14,normal,,0
207,Gligar,2,70,65,75,105,85,1.1,64.8,ground,flying,0
208,Steelix,2,70,75,125,230,30,9.2,400,steel,ground,0
209,Snubbull,2,70,60,80,50,30,0.6,7.8,fairy,,0
210,Granbull,2,70,90,120,75,45,1.4,48.7,fairy,,0
211,Qwilfish,2,70,65,95,85,85,0.5,3.9,water,poison,0
212,Scizor,2,70,70,150,140,75,1.8,118,bug,steel,0
213,Shuckle,2,70,20,10,230,5,0.6,20.5,bug,rock,0
214,Heracross,2,70,80,185,115,75,1.5,54,bug,fighting,0
215,Sneasel,2,35,55,95,55,115,0.9,28,dark,ice,0
216,Teddiursa,2,70,60,80,50,40,0.6,8.8,normal,,0
217,Ursaring,2,70,90,130,75,55,1.8,125.8,normal,,0
218,Slugma,2,70,40,40,40,20,0.7,35,fire,,0
219,Magcargo,2,70,60,50,120,30,0.8,55,fire,rock,0
220,Swinub,2,70,50,50,40,50,0.4,6.5,ice,ground,0
221,Piloswine,2,70,100,100,80,50,1.1,55.8,ice,ground,0
222,Corsola,2,70,65,55,95,35,0.6,5,water,rock,0
223,Remoraid,2,70,35,65,35,65,0.6,12,water,,0
224,Octillery,2,70,75,105,75,45,0.9,28.5,water,,0
225,Delibird,2,70,45,55,45,75,0.9,16,ice,flying,0
226,Mantine,2,70,85,40,70,70,2.1,220,water,flying,0
227,Skarmory,2,70,65,80,140,70,1.7,50.5,steel,flying,0
228,Houndour,2,35,45,60,30,65,0.6,10.8,dark,fire,0
229,Houndoom,2,35,75,90,90,115,1.4,35,dark,fire,0
230,Kingdra,2,70,75,95,95,85,1.8,152,water,dragon,0
231,Phanpy,2,70,90,60,60,40,0.5,33.5,ground,,0
232,Donphan,2,70,90,120,120,50,1.1,120,ground,,0
233,Porygon2,2,70,85,80,90,60,0.6,32.5,normal,,0
234,Stantler,2,70,73,95,62,85,1.4,71.2,normal,,0
235,Smeargle,2,70,55,20,35,75,1.2,58,normal,,0
236,Tyrogue,2,70,35,35,35,35,0.7,21,fighting,,0
237,Hitmontop,2,70,50,95,95,70,1.4,48,fighting,,0
238,Smoochum,2,70,45,30,15,65,0.4,6,ice,psychic,0
239,Elekid,2,70,45,63,37,95,0.6,23.5,electric,,0
240,Magby,2,70,45,75,37,83,0.7,21.4,fire,,0
241,Miltank,2,70,95,80,105,100,1.2,75.5,normal,,0
242,Blissey,2,140,255,10,10,55,1.5,46.8,normal,,0
243,Raikou,2,35,90,85,75,115,1.9,178,electric,,1
244,Entei,2,35,115,115,85,100,2.1,198,fire,,1
245,Suicune,2,35,100,75,115,85,2,187,water,,1
246,Larvitar,2,35,50,64,50,41,0.6,72,rock,ground,0
247,Pupitar,2,35,70,84,70,51,1.2,152,rock,ground,0
248,Tyranitar,2,35,100,164,150,71,2,202,rock,dark,0
249,Lugia,2,0,106,90,130,110,5.2,216,psychic,flying,1
250,Ho-Oh,2,0,106,130,90,90,3.8,199,fire,flying,1
251,Celebi,2,100,100,100,100,100,0.6,5,psychic,grass,1
252,Treecko,3,70,40,45,35,70,0.5,5,grass,,0
253,Grovyle,3,70,50,65,45,95,0.9,21.6,grass,,0
254,Sceptile,3,70,70,110,75,145,1.7,52.2,grass,,0
255,Torchic,3,70,45,60,40,45,0.4,2.5,fire,,0
256,Combusken,3,70,60,85,60,55,0.9,19.5,fire,fighting,0
257,Blaziken,3,70,80,160,80,100,1.9,52,fire,fighting,0
258,Mudkip,3,70,50,70,50,40,0.4,7.6,water,,0
259,Marshtomp,3,70,70,85,70,50,0.7,28,water,ground,0
260,Swampert,3,70,100,150,110,70,1.5,81.9,water,ground,0
261,Poochyena,3,70,35,55,35,35,0.5,13.6,dark,,0
262,Mightyena,3,70,70,90,70,70,1,37,dark,,0
263,Zigzagoon,3,70,38,30,41,60,0.4,17.5,normal,,0
264,Linoone,3,70,78,70,61,100,0.5,32.5,normal,,0
265,Wurmple,3,70,45,45,35,20,0.3,3.6,bug,,0
266,Silcoon,3,70,50,35,55,15,0.6,10,bug,,0
267,Beautifly,3,70,60,70,50,65,1,28.4,bug,flying,0
268,Cascoon,3,70,50,35,55,15,0.7,11.5,bug,,0
269,Dustox,3,70,60,50,70,65,1.2,31.6,bug,poison,0
270,Lotad,3,70,40,30,30,30,0.5,2.6,water,grass,0
271,Lombre,3,70,60,50,50,50,1.2,32.5,water,grass,0
272,Ludicolo,3,70,80,70,70,70,1.5,55,water,grass,0
273,Seedot,3,70,40,40,50,30,0.5,4,grass,,0
274,Nuzleaf,3,70,70,70,40,60,1,28,grass,dark,0
275,Shiftry,3,70,90,100,60,80,1.3,59.6,grass,dark,0
276,Taillow,3,70,40,55,30,85,0.3,2.3,normal,flying,0
277,Swellow,3,70,60,85,60,125,0.7,19.8,normal,flying,0
278,Wingull,3,70,40,30,30,85,0.6,9.5,water,flying,0
279,Pelipper,3,70,60,50,100,65,1.2,28,water,flying,0
280,Ralts,3,35,28,25,25,40,0.4,6.6,psychic,fairy,0
281,Kirlia,3,35,38,35,35,50,0.8,20.2,psychic,fairy,0
282,Gardevoir,3,35,68,85,65,100,1.6,48.4,psychic,fairy,0
283,Surskit,3,70,40,30,32,65,0.5,1.7,bug,water,0
284,Masquerain,3,70,70,60,62,80,0.8,3.6,bug,flying,0
285,Shroomish,3,70,60,40,60,35,0.4,4.5,grass,,0
286,Breloom,3,70,60,130,80,70,1.2,39.2,grass,fighting,0
287,Slakoth,3,70,60,60,60,30,0.8,24,normal,,0
288,Vigoroth,3,70,80,80,80,90,1.4,46.5,normal,,0
289,Slaking,3,70,150,160,100,100,2,130.5,normal,,0
290,Nincada,3,70,31,45,90,40,0.5,5.5,bug,ground,0
291,Ninjask,3,70,61,90,45,160,0.8,12,bug,flying,0
292,Shedinja,3,70,1,90,45,40,0.8,1.2,bug,ghost,0
293,Whismur,3,70,64,51,23,28,0.6,16.3,normal,,0
294,Loudred,3,70,84,71,43,48,1,40.5,normal,,0
295,Exploud,3,70,104,91,63,68,1.5,84,normal,,0
296,Makuhita,3,70,72,60,30,25,1,86.4,fighting,,0
297,Hariyama,3,70,144,120,60,50,2.3,253.8,fighting,,0
298,Azurill,3,70,50,20,40,20,0.2,2,normal,fairy,0
299,Nosepass,3,70,30,45,135,30,1,97,rock,,0
300,Skitty,3,70,50,45,45,50,0.6,11,normal,,0
301,Delcatty,3,70,70,65,65,90,1.1,32.6,normal,,0
302,Sableye,3,35,50,85,125,20,0.5,11,dark,ghost,0
303,Mawile,3,70,50,105,125,50,0.6,11.5,steel,fairy,0
304,Aron,3,35,50,70,100,30,0.4,60,steel,rock,0
305,Lairon,3,35,60,90,140,40,0.9,120,steel,rock,0
306,Aggron,3,35,70,140,230,50,2.1,360,steel,rock,0
307,Meditite,3,70,30,40,55,60,0.6,11.2,fighting,psychic,0
308,Medicham,3,70,60,100,85,100,1.3,31.5,fighting,psychic,0
309,Electrike,3,70,40,45,40,65,0.6,15.2,electric,,0
310,Manectric,3,70,70,75,80,135,1.5,40.2,electric,,0
311,Plusle,3,70,60,50,40,95,0.4,4.2,electric,,0
312,Minun,3,70,60,40,50,95,0.4,4.2,electric,,0
313,Volbeat,3,70,65,73,75,85,0.7,17.7,bug,,0
314,Illumise,3,70,65,47,75,85,0.6,17.7,bug,,0
315,Roselia,3,70,50,60,45,65,0.3,2,grass,poison,0
316,Gulpin,3,70,70,43,53,40,0.4,10.3,poison,,0
317,Swalot,3,70,100,73,83,55,1.7,80,poison,,0
318,Carvanha,3,35,45,90,20,65,0.8,20.8,water,dark,0
319,Sharpedo,3,35,70,140,70,105,1.8,88.8,water,dark,0
320,Wailmer,3,70,130,70,35,60,2,130,water,,0
321,Wailord,3,70,170,90,45,60,14.5,398,water,,0
322,Numel,3,70,60,60,40,35,0.7,24,fire,ground,0
323,Camerupt,3,70,70,120,100,20,1.9,220,fire,ground,0
324,Torkoal,3,70,70,85,140,20,0.5,80.4,fire,,0
325,Spoink,3,70,60,25,35,60,0.7,30.6,psychic,,0
326,Grumpig,3,70,80,45,65,80,0.9,71.5,psychic,,0
327,Spinda,3,70,60,60,60,60,1.1,5,normal,,0
328,Trapinch,3,70,45,100,45,10,0.7,15,ground,,0
329,Vibrava,3,70,50,70,50,70,1.1,15.3,ground,dragon,0
330,Flygon,3,70,80,100,80,100,2,82,ground,dragon,0
331,Cacnea,3,35,50,85,40,35,0.4,51.3,grass,,0
332,Cacturne,3,35,70,115,60,55,1.3,77.4,grass,dark,0
333,Swablu,3,70,45,40,60,50,0.4,1.2,normal,flying,0
334,Altaria,3,70,75,110,110,80,1.1,20.6,dragon,flying,0
335,Zangoose,3,70,73,115,60,90,1.3,40.3,normal,,0
336,Seviper,3,70,73,100,60,65,2.7,52.5,poison,,0
337,Lunatone,3,70,90,55,65,70,1,168,rock,psychic,0
338,Solrock,3,70,90,95,85,70,1.2,154,rock,psychic,0
339,Barboach,3,70,50,48,43,60,0.4,1.9,water,ground,0
340,Whiscash,3,70,110,78,73,60,0.9,23.6,water,ground,0
341,Corphish,3,70,43,80,65,35,0.6,11.5,water,,0
342,Crawdaunt,3,70,63,120,85,55,1.1,32.8,water,dark,0
343,Baltoy,3,70,40,40,55,55,0.5,21.5,ground,psychic,0
344,Claydol,3,70,60,70,105,75,1.5,108,ground,psychic,0
345,Lileep,3,70,66,41,77,23,1,23.8,rock,grass,0
346,Cradily,3,70,86,81,97,43,1.5,60.4,rock,grass,0
347,Anorith,3,70,45,95,50,75,0.7,12.5,rock,bug,0
348,Armaldo,3,70,75,125,100,45,1.5,68.2,rock,bug,0
349,Feebas,3,70,20,15,20,80,0.6,7.4,water,,0
350,Milotic,3,70,95,60,79,81,6.2,162,water,,0
351,Castform,3,70,70,70,70,70,0.3,0.8,normal,,0
352,Kecleon,3,70,60,90,70,40,1,22,normal,,0
353,Shuppet,3,35,44,75,35,45,0.6,2.3,ghost,,0
354,Banette,3,35,64,165,75,75,1.1,12.5,ghost,,0
355,Duskull,3,35,20,40,90,25,0.8,15,ghost,,0
356,Dusclops,3,35,40,70,130,25,1.6,30.6,ghost,,0
357,Tropius,3,70,99,68,83,51,2,100,grass,flying,0
358,Chimecho,3,70,75,50,80,65,0.6,1,psychic,,0
359,Absol,3,35,65,150,60,115,1.2,47,dark,,0
360,Wynaut,3,70,95,23,48,23,0.6,14,psychic,,0
361,Snorunt,3,70,50,50,50,50,0.7,16.8,ice,,0
362,Glalie,3,70,80,120,80,100,1.5,256.5,ice,,0
363,Spheal,3,70,70,40,50,25,0.8,39.5,ice,water,0
364,Sealeo,3,70,90,60,70,45,1.1,87.6,ice,water,0
365,Walrein,3,70,110,80,90,65,1.4,150.6,ice,water,0
366,Clamperl,3,70,35,64,85,32,0.4,52.5,water,,0
367,Huntail,3,70,55,104,105,52,1.7,27,water,,0
368,Gorebyss,3,70,55,84,105,52,1.8,22.6,water,,0
369,Relicanth,3,70,100,90,130,55,1,23.4,water,rock,0
370,Luvdisc,3,70,43,30,55,97,0.6,8.7,water,,0
371,Bagon,3,35,45,75,60,50,0.6,42.1,dragon,,0
372,Shelgon,3,35,65,95,100,50,1.1,110.5,dragon,,0
373,Salamence,3,35,95,145,130,120,1.5,102.6,dragon,flying,0
374,Beldum,3,35,40,55,80,30,0.6,95.2,steel,psychic,0
375,Metang,3,35,60,75,100,50,1.2,202.5,steel,psychic,0
376,Metagross,3,35,80,145,150,110,1.6,550,steel,psychic,0
377,Regirock,3,35,80,100,200,50,1.7,230,rock,,1
378,Regice,3,35,80,50,100,50,1.8,175,ice,,1
379,Registeel,3,35,80,75,150,50,1.9,205,steel,,1
380,Latias,3,90,80,100,120,110,1.4,40,dragon,psychic,1
381,Latios,3,90,80,130,100,110,2,60,dragon,psychic,1
382,Kyogre,3,0,100,150,90,90,4.5,352,water,,1
383,Groudon,3,0,100,180,160,90,3.5,950,ground,,1
384,Rayquaza,3,0,105,180,100,115,7,206.5,dragon,flying,1
385,Jirachi,3,100,100,100,100,100,0.3,1.1,steel,psychic,1
386,Deoxys,3,0,50,95,90,180,1.7,60.8,psychic,,1
387,Turtwig,4,70,55,68,64,31,0.4,10.2,grass,,0
388,Grotle,4,70,75,89,85,36,1.1,97,grass,,0
389,Torterra,4,70,95,109,105,56,2.2,310,grass,ground,0
390,Chimchar,4,70,44,58,44,61,0.5,6.2,fire,,0
391,Monferno,4,70,64,78,52,81,0.9,22,fire,fighting,0
392,Infernape,4,70,76,104,71,108,1.2,55,fire,fighting,0
393,Piplup,4,70,53,51,53,40,0.4,5.2,water,,0
394,Prinplup,4,70,64,66,68,50,0.8,23,water,,0
395,Empoleon,4,70,84,86,88,60,1.7,84.5,water,steel,0
396,Starly,4,70,40,55,30,60,0.3,2,normal,flying,0
397,Staravia,4,70,55,75,50,80,0.6,15.5,normal,flying,0
398,Staraptor,4,70,85,120,70,100,1.2,24.9,normal,flying,0
399,Bidoof,4,70,59,45,40,31,0.5,20,normal,,0
400,Bibarel,4,70,79,85,60,71,1,31.5,normal,water,0
401,Kricketot,4,70,37,25,41,25,0.3,2.2,bug,,0
402,Kricketune,4,70,77,85,51,65,1,25.5,bug,,0
403,Shinx,4,70,45,65,34,45,0.5,9.5,electric,,0
404,Luxio,4,100,60,85,49,60,0.9,30.5,electric,,0
405,Luxray,4,70,80,120,79,70,1.4,42,electric,,0
406,Budew,4,70,40,30,35,55,0.2,1.2,grass,poison,0
407,Roserade,4,70,60,70,65,90,0.9,14.5,grass,poison,0
408,Cranidos,4,70,67,125,40,58,0.9,31.5,rock,,0
409,Rampardos,4,70,97,165,60,58,1.6,102.5,rock,,0
410,Shieldon,4,70,30,42,118,30,0.5,57,rock,steel,0
411,Bastiodon,4,70,60,52,168,30,1.3,149.5,rock,steel,0
412,Burmy,4,70,40,29,45,36,0.2,3.4,bug,,0
413,Wormadam,4,70,60,69,95,36,0.5,6.5,bug,grass,0
414,Mothim,4,70,70,94,50,66,0.9,23.3,bug,flying,0
415,Combee,4,70,30,30,42,70,0.3,5.5,bug,flying,0
416,Vespiquen,4,70,70,80,102,40,1.2,38.5,bug,flying,0
417,Pachirisu,4,100,60,45,70,95,0.4,3.9,electric,,0
418,Buizel,4,70,55,65,35,85,0.7,29.5,water,,0
419,Floatzel,4,70,85,105,55,115,1.1,33.5,water,,0
420,Cherubi,4,70,45,35,45,35,0.4,3.3,grass,,0
421,Cherrim,4,70,70,60,70,85,0.5,9.3,grass,,0
422,Shellos,4,70,76,48,48,34,0.3,6.3,water,,0
423,Gastrodon,4,70,111,83,68,39,0.9,29.9,water,ground,0
424,Ambipom,4,100,75,100,66,115,1.2,20.3,normal,,0
425,Drifloon,4,70,90,50,34,70,0.4,1.2,ghost,flying,0
426,Drifblim,4,70,150,80,44,80,1.2,15,ghost,flying,0
427,Buneary,4,0,55,66,44,85,0.4,5.5,normal,,0
428,Lopunny,4,140,65,136,94,135,1.2,33.3,normal,,0
429,Mismagius,4,35,60,60,60,105,0.9,4.4,ghost,,0
430,Honchkrow,4,35,100,125,52,71,0.9,27.3,dark,flying,0
431,Glameow,4,70,49,55,42,85,0.5,3.9,normal,,0
432,Purugly,4,70,71,82,64,112,1,43.8,normal,,0
433,Chingling,4,70,45,30,50,45,0.2,0.6,psychic,,0
434,Stunky,4,70,63,63,47,74,0.4,19.2,poison,dark,0
435,Skuntank,4,70,103,93,67,84,1,38,poison,dark,0
436,Bronzor,4,70,57,24,86,23,0.5,60.5,steel,psychic,0
437,Bronzong,4,70,67,89,116,33,1.3,187,steel,psychic,0
438,Bonsly,4,70,50,80,95,10,0.5,15,rock,,0
439,Mime Jr.,4,70,20,25,45,60,0.6,13,psychic,fairy,0
440,Happiny,4,140,100,5,5,30,0.6,24.4,normal,,0
441,Chatot,4,35,76,65,45,91,0.5,1.9,normal,flying,0
442,Spiritomb,4,70,50,92,108,35,1,108,ghost,dark,0
443,Gible,4,70,58,70,45,42,0.7,20.5,dragon,ground,0
444,Gabite,4,70,68,90,65,82,1.4,56,dragon,ground,0
445,Garchomp,4,70,108,170,115,92,1.9,95,dragon,ground,0
446,Munchlax,4,70,135,85,40,5,0.6,105,normal,,0
447,Riolu,4,70,40,70,40,60,0.7,20.2,fighting,,0
448,Lucario,4,70,70,145,88,112,1.2,54,fighting,steel,0
449,Hippopotas,4,70,68,72,78,32,0.8,49.5,ground,,0
450,Hippowdon,4,70,108,112,118,47,2,300,ground,,0
451,Skorupi,4,70,40,50,90,65,0.8,12,poison,bug,0
452,Drapion,4,70,70,90,110,95,1.3,61.5,poison,dark,0
453,Croagunk,4,100,48,61,40,50,0.7,23,poison,fighting,0
454,Toxicroak,4,70,83,106,65,85,1.3,44.4,poison,fighting,0
455,Carnivine,4,70,74,100,72,46,1.4,27,grass,,0
456,Finneon,4,70,49,49,56,66,0.4,7,water,,0
457,Lumineon,4,70,69,69,76,91,1.2,24,water,,0
458,Mantyke,4,70,45,20,50,50,1,65,water,flying,0
459,Snover,4,70,60,62,50,40,1,50.5,grass,ice,0
460,Abomasnow,4,70,90,132,105,30,2.2,135.5,grass,ice,0
461,Weavile,4,35,70,120,65,125,1.1,34,dark,ice,0
462,Magnezone,4,70,70,70,115,60,1.2,180,electric,steel,0
463,Lickilicky,4,70,110,85,95,50,1.7,140,normal,,0
464,Rhyperior,4,70,115,140,130,40,2.4,282.8,ground,rock,0
465,Tangrowth,4,70,100,100,125,50,2,128.6,grass,,0
466,Electivire,4,70,75,123,67,95,1.8,138.6,electric,,0
467,Magmortar,4,70,75,95,67,83,1.6,68,fire,,0
468,Togekiss,4,70,85,50,95,80,1.5,38,fairy,flying,0
469,Yanmega,4,70,86,76,86,95,1.9,51.5,bug,flying,0
470,Leafeon,4,35,65,110,130,95,1,25.5,grass,,0
471,Glaceon,4,35,65,60,110,65,0.8,25.9,ice,,0
472,Gliscor,4,70,75,95,125,95,2,42.5,ground,flying,0
473,Mamoswine,4,70,110,130,80,80,2.5,291,ice,ground,0
474,Porygon-Z,4,70,85,80,70,90,0.9,34,normal,,0
475,Gallade,4,35,68,165,95,110,1.6,52,psychic,fighting,0
476,Probopass,4,70,60,55,145,40,1.4,340,rock,steel,0
477,Dusknoir,4,35,45,100,135,45,2.2,106.6,ghost,,0
478,Froslass,4,70,70,80,70,110,1.3,26.6,ice,ghost,0
479,Rotom,4,70,50,65,107,86,0.3,0.3,electric,ghost,0
480,Uxie,4,140,75,75,130,95,0.3,0.3,psychic,,1
481,Mesprit,4,140,80,105,105,80,0.3,0.3,psychic,,1
482,Azelf,4,140,75,125,70,115,0.3,0.3,psychic,,1
483,Dialga,4,0,100,120,120,90,5.4,683,steel,dragon,1
484,Palkia,4,0,90,120,100,100,4.2,336,water,dragon,1
485,Heatran,4,100,91,90,106,77,1.7,430,fire,steel,1
486,Regigigas,4,0,110,160,110,100,3.7,420,normal,,1
487,Giratina,4,0,150,120,100,90,4.5,750,ghost,dragon,1
488,Cresselia,4,100,120,70,120,85,1.5,85.6,psychic,,1
489,Phione,4,70,80,80,80,80,0.4,3.1,water,,0
490,Manaphy,4,70,100,100,100,100,0.3,1.4,water,,1
491,Darkrai,4,0,70,90,90,125,1.5,50.5,dark,,1
492,Shaymin,4,100,100,103,75,127,0.2,2.1,grass,grass,1
493,Arceus,4,0,120,120,120,120,3.2,320,normal,,1
494,Victini,5,100,100,100,100,100,0.4,4,psychic,fire,1
495,Snivy,5,70,45,45,55,63,0.6,8.1,grass,,0
496,Servine,5,70,60,60,75,83,0.8,16,grass,,0
497,Serperior,5,70,75,75,95,113,3.3,63,grass,,0
498,Tepig,5,70,65,63,45,45,0.5,9.9,fire,,0
499,Pignite,5,70,90,93,55,55,1,55.5,fire,fighting,0
500,Emboar,5,70,110,123,65,65,1.6,150,fire,fighting,0
501,Oshawott,5,70,55,55,45,45,0.5,5.9,water,,0
502,Dewott,5,70,75,75,60,60,0.8,24.5,water,,0
503,Samurott,5,70,95,100,85,70,1.5,94.6,water,,0
504,Patrat,5,70,45,55,39,42,0.5,11.6,normal,,0
505,Watchog,5,70,60,85,69,77,1.1,27,normal,,0
506,Lillipup,5,70,45,60,45,55,0.4,4.1,normal,,0
507,Herdier,5,70,65,80,65,60,0.9,14.7,normal,,0
508,Stoutland,5,70,85,110,90,80,1.2,61,normal,,0
509,Purrloin,5,70,41,50,37,66,0.4,10.1,dark,,0
510,Liepard,5,70,64,88,50,106,1.1,37.5,dark,,0
511,Pansage,5,70,50,53,48,64,0.6,10.5,grass,,0
512,Simisage,5,70,75,98,63,101,1.1,30.5,grass,,0
513,Pansear,5,70,50,53,48,64,0.6,11,fire,,0
514,Simisear,5,70,75,98,63,101,1,28,fire,,0
515,Panpour,5,70,50,53,48,64,0.6,13.5,water,,0
516,Simipour,5,70,75,98,63,101,1,29,water,,0
517,Munna,5,70,76,25,45,24,0.6,23.3,psychic,,0
518,Musharna,5,70,116,55,85,29,1.1,60.5,psychic,,0
519,Pidove,5,70,50,55,50,43,0.3,2.1,normal,flying,0
520,Tranquill,5,70,62,77,62,65,0.6,15,normal,flying,0
521,Unfezant,5,70,80,115,80,93,1.2,29,normal,flying,0
522,Blitzle,5,70,45,60,32,76,0.8,29.8,electric,,0
523,Zebstrika,5,70,75,100,63,116,1.6,79.5,electric,,0
524,Roggenrola,5,70,55,75,85,15,0.4,18,rock,,0
525,Boldore,5,70,70,105,105,20,0.9,102,rock,,0
526,Gigalith,5,70,85,135,130,25,1.7,260,rock,,0
527,Woobat,5,70,65,45,43,72,0.4,2.1,psychic,flying,0
528,Swoobat,5,70,67,57,55,114,0.9,10.5,psychic,flying,0
529,Drilbur,5,70,60,85,40,68,0.3,8.5,ground,,0
530,Excadrill,5,70,110,135,60,88,0.7,40.4,ground,steel,0
531,Audino,5,70,103,60,126,50,1.1,31,normal,,0
532,Timburr,5,70,75,80,55,35,0.6,12.5,fighting,,0
533,Gurdurr,5,70,85,105,85,40,1.2,40,fighting,,0
534,Conkeldurr,5,70,105,140,95,45,1.4,87,fighting,,0
535,Tympole,5,70,50,50,40,64,0.5,4.5,water,,0
536,Palpitoad,5,70,75,65,55,69,0.8,17,water,ground,0
537,Seismitoad,5,70,105,95,75,74,1.5,62,water,ground,0
538,Throh,5,70,120,100,85,45,1.3,55.5,fighting,,0
539,Sawk,5,70,75,125,75,85,1.4,51,fighting,,0
540,Sewaddle,5,70,45,53,70,42,0.3,2.5,bug,grass,0
541,Swadloon,5,70,55,63,90,42,0.5,7.3,bug,grass,0
542,Leavanny,5,70,75,103,80,92,1.2,20.5,bug,grass,0
543,Venipede,5,70,30,45,59,57,0.4,5.3,bug,poison,0
544,Whirlipede,5,70,40,55,99,47,1.2,58.5,bug,poison,0
545,Scolipede,5,70,60,100,89,112,2.5,200.5,bug,poison,0
546,Cottonee,5,70,40,27,60,66,0.3,0.6,grass,fairy,0
547,Whimsicott,5,70,60,67,85,116,0.7,6.6,grass,fairy,0
548,Petilil,5,70,45,35,50,30,0.5,6.6,grass,,0
549,Lilligant,5,70,70,60,75,90,1.1,16.3,grass,,0
550,Basculin,5,70,70,92,65,98,1,18,water,,0
551,Sandile,5,70,50,72,35,65,0.7,15.2,ground,dark,0
552,Krokorok,5,70,60,82,45,74,1,33.4,ground,dark,0
553,Krookodile,5,70,95,117,80,92,1.5,96.3,ground,dark,0
554,Darumaka,5,70,70,90,45,50,0.6,37.5,fire,,0
555,Darmanitan,5,70,105,30,105,55,1.3,92.9,fire,fire,0
556,Maractus,5,70,75,86,67,60,1,28,grass,,0
557,Dwebble,5,70,50,65,85,55,0.3,14.5,bug,rock,0
558,Crustle,5,70,70,105,125,45,1.4,200,bug,rock,0
559,Scraggy,5,35,50,75,70,48,0.6,11.8,dark,fighting,0
560,Scrafty,5,70,65,90,115,58,1.1,30,dark,fighting,0
561,Sigilyph,5,70,72,58,80,97,1.4,14,psychic,flying,0
562,Yamask,5,70,38,30,85,30,0.5,1.5,ghost,,0
563,Cofagrigus,5,70,58,50,145,30,1.7,76.5,ghost,,0
564,Tirtouga,5,70,54,78,103,22,0.7,16.5,water,rock,0
565,Carracosta,5,70,74,108,133,32,1.2,81,water,rock,0
566,Archen,5,70,55,112,45,70,0.5,9.5,rock,flying,0
567,Archeops,5,70,75,140,65,110,1.4,32,rock,flying,0
568,Trubbish,5,70,50,50,62,65,0.6,31,poison,,0
569,Garbodor,5,70,80,95,82,75,1.9,107.3,poison,,0
570,Zorua,5,70,40,65,40,65,0.7,12.5,dark,,0
571,Zoroark,5,70,60,105,60,105,1.6,81.1,dark,,0
572,Minccino,5,70,55,50,40,75,0.4,5.8,normal,,0
573,Cinccino,5,70,75,95,60,115,0.5,7.5,normal,,0
574,Gothita,5,70,45,30,50,45,0.4,5.8,psychic,,0
575,Gothorita,5,70,60,45,70,55,0.7,18,psychic,,0
576,Gothitelle,5,70,70,55,95,65,1.5,44,psychic,,0
577,Solosis,5,70,45,30,40,20,0.3,1,psychic,,0
578,Duosion,5,70,65,40,50,30,0.6,8,psychic,,0
579,Reuniclus,5,70,110,65,75,30,1,20.1,psychic,,0
580,Ducklett,5,70,62,44,50,55,0.5,5.5,water,flying,0
581,Swanna,5,70,75,87,63,98,1.3,24.2,water,flying,0
582,Vanillite,5,70,36,50,50,44,0.4,5.7,ice,,0
583,Vanillish,5,70,51,65,65,59,1.1,41,ice,,0
584,Vanilluxe,5,70,71,95,85,79,1.3,57.5,ice,,0
585,Deerling,5,70,60,60,50,75,0.6,19.5,normal,grass,0
586,Sawsbuck,5,70,80,100,70,95,1.9,92.5,normal,grass,0
587,Emolga,5,70,55,75,60,103,0.4,5,electric,flying,0
588,Karrablast,5,70,50,75,45,60,0.5,5.9,bug,,0
589,Escavalier,5,70,70,135,105,20,1,33,bug,steel,0
590,Foongus,5,70,69,55,45,15,0.2,1,grass,poison,0
591,Amoonguss,5,70,114,85,70,30,0.6,10.5,grass,poison,0
592,Frillish,5,70,55,40,50,40,1.2,33,water,ghost,0
593,Jellicent,5,70,100,60,70,60,2.2,135,water,ghost,0
594,Alomomola,5,70,165,75,80,65,1.2,31.6,water,,0
595,Joltik,5,70,50,47,50,65,0.1,0.6,bug,electric,0
596,Galvantula,5,70,70,77,60,108,0.8,14.3,bug,electric,0
597,Ferroseed,5,70,44,50,91,10,0.6,18.8,grass,steel,0
598,Ferrothorn,5,70,74,94,131,20,1,110,grass,steel,0
599,Klink,5,70,40,55,70,30,0.3,21,steel,,0
600,Klang,5,70,60,80,95,50,0.6,51,steel,,0
601,Klinklang,5,70,60,100,115,90,0.6,81,steel,,0
602,Tynamo,5,70,35,55,40,60,0.2,0.3,electric,,0
603,Eelektrik,5,70,65,85,70,40,1.2,22,electric,,0
604,Eelektross,5,70,85,115,80,50,2.1,80.5,electric,,0
605,Elgyem,5,70,55,55,55,30,0.5,9,psychic,,0
606,Beheeyem,5,70,75,75,75,40,1,34.5,psychic,,0
607,Litwick,5,70,50,30,55,20,0.3,3.1,ghost,fire,0
608,Lampent,5,70,60,40,60,55,0.6,13,ghost,fire,0
609,Chandelure,5,70,60,55,90,80,1,34.3,ghost,fire,0
610,Axew,5,35,46,87,60,57,0.6,18,dragon,,0
611,Fraxure,5,35,66,117,70,67,1,36,dragon,,0
612,Haxorus,5,35,76,147,90,97,1.8,105.5,dragon,,0
613,Cubchoo,5,70,55,70,40,40,0.5,8.5,ice,,0
614,Beartic,5,70,95,130,80,50,2.6,260,ice,,0
615,Cryogonal,5,70,80,50,50,105,1.1,148,ice,,0
616,Shelmet,5,70,50,40,85,25,0.4,7.7,bug,,0
617,Accelgor,5,70,80,70,40,145,0.8,25.3,bug,,0
618,Stunfisk,5,70,109,66,84,32,0.7,11,ground,electric,0
619,Mienfoo,5,70,45,85,50,65,0.9,20,fighting,,0
620,Mienshao,5,70,65,125,60,105,1.4,35.5,fighting,,0
621,Druddigon,5,70,77,120,90,48,1.6,139,dragon,,0
622,Golett,5,70,59,74,50,35,1,92,ground,ghost,0
623,Golurk,5,70,89,124,80,55,2.8,330,ground,ghost,0
624,Pawniard,5,35,45,85,70,60,0.5,10.2,dark,steel,0
625,Bisharp,5,35,65,125,100,70,1.6,70,dark,steel,0
626,Bouffalant,5,70,95,110,95,55,1.6,94.6,normal,,0
627,Rufflet,5,70,70,83,50,60,0.5,10.5,normal,flying,0
628,Braviary,5,70,100,123,75,80,1.5,41,normal,flying,0
629,Vullaby,5,35,70,55,75,60,0.5,9,dark,flying,0
630,Mandibuzz,5,35,110,65,105,80,1.2,39.5,dark,flying,0
631,Heatmor,5,70,85,97,66,65,1.4,58,fire,,0
632,Durant,5,70,58,109,112,109,0.3,33,bug,steel,0
633,Deino,5,35,52,65,50,38,0.8,17.3,dark,dragon,0
634,Zweilous,5,35,72,85,70,58,1.4,50,dark,dragon,0
635,Hydreigon,5,35,92,105,90,98,1.8,160,dark,dragon,0
636,Larvesta,5,70,55,85,55,60,1.1,28.8,bug,fire,0
637,Volcarona,5,70,85,60,65,100,1.6,46,bug,fire,0
638,Cobalion,5,35,91,90,129,108,2.1,250,steel,fighting,1
639,Terrakion,5,35,91,129,90,108,1.9,260,rock,fighting,1
640,Virizion,5,35,91,90,72,108,2,200,grass,fighting,1
641,Tornadus,5,90,79,100,80,121,1.5,63,flying,,1
642,Thundurus,5,90,79,105,70,101,1.5,61,electric,flying,1
643,Reshiram,5,0,100,120,100,90,3.2,330,dragon,fire,1
644,Zekrom,5,0,100,150,120,90,2.9,345,dragon,electric,1
645,Landorus,5,90,89,145,90,91,1.5,68,ground,flying,1
646,Kyurem,5,0,125,120,90,95,3,325,dragon,ice,1
647,Keldeo,5,35,91,72,90,108,1.4,48.5,water,fighting,1
648,Meloetta,5,100,100,128,90,128,0.6,6.5,normal,psychic,1
649,Genesect,5,0,71,120,95,99,1.5,82.5,bug,steel,1
650,Chespin,6,70,56,61,65,38,0.4,9,grass,,0
651,Quilladin,6,70,61,78,95,57,0.7,29,grass,,0
652,Chesnaught,6,70,88,107,122,64,1.6,90,grass,fighting,0
653,Fennekin,6,70,40,45,40,60,0.4,9.4,fire,,0
654,Braixen,6,70,59,59,58,73,1,14.5,fire,,0
655,Delphox,6,70,75,69,72,104,1.5,39,fire,psychic,0
656,Froakie,6,70,41,56,40,71,0.3,7,water,,0
657,Frogadier,6,70,54,63,52,97,0.6,10.9,water,,0
658,Greninja,6,70,72,145,67,132,1.5,40,water,dark,0
659,Bunnelby,6,70,38,36,38,57,0.4,5,normal,,0
660,Diggersby,6,70,85,56,77,78,1,42.4,normal,ground,0
661,Fletchling,6,70,45,50,43,62,0.3,1.7,normal,flying,0
662,Fletchinder,6,70,62,73,55,84,0.7,16,fire,flying,0
663,Talonflame,6,70,78,81,71,126,1.2,24.5,fire,flying,0
664,Scatterbug,6,70,38,35,40,35,0.3,2.5,bug,,0
665,Spewpa,6,70,45,22,60,29,0.3,8.4,bug,,0
666,Vivillon,6,70,80,52,50,89,1.2,17,bug,flying,0
667,Litleo,6,70,62,50,58,72,0.6,13.5,fire,normal,0
668,Pyroar,6,70,86,68,72,106,1.5,81.5,fire,normal,0
669,Flabébé,6,70,44,38,39,42,0.1,0.1,fairy,,0
670,Floette,6,70,74,65,67,92,0.2,0.9,fairy,,0
671,Florges,6,70,78,65,68,75,1.1,10,fairy,,0
672,Skiddo,6,70,66,65,48,52,0.9,31,grass,,0
673,Gogoat,6,70,123,100,62,68,1.7,91,grass,,0
674,Pancham,6,70,67,82,62,43,0.6,8,fighting,,0
675,Pangoro,6,70,95,124,78,58,2.1,136,fighting,dark,0
676,Furfrou,6,70,75,80,60,102,1.2,28,normal,,0
677,Espurr,6,70,62,48,54,68,0.3,3.5,psychic,,0
678,Meowstic,6,70,74,48,76,104,0.6,8.5,psychic,,0
679,Honedge,6,70,45,80,100,28,0.8,2,steel,ghost,0
680,Doublade,6,70,59,110,150,35,0.8,4.5,steel,ghost,0
681,Aegislash,6,70,60,150,50,60,1.7,53,steel,ghost,0
682,Spritzee,6,70,78,52,60,23,0.2,0.5,fairy,,0
683,Aromatisse,6,70,101,72,72,29,0.8,15.5,fairy,,0
684,Swirlix,6,70,62,48,66,49,0.4,3.5,fairy,,0
685,Slurpuff,6,70,82,80,86,72,0.8,5,fairy,,0
686,Inkay,6,70,53,54,53,45,0.4,3.5,dark,psychic,0
687,Malamar,6,70,86,92,88,73,1.5,47,dark,psychic,0
688,Binacle,6,70,42,52,67,50,0.5,31,rock,water,0
689,Barbaracle,6,70,72,105,115,68,1.3,96,rock,water,0
690,Skrelp,6,70,50,60,60,30,0.5,7.3,poison,water,0
691,Dragalge,6,70,65,75,90,44,1.8,81.5,poison,dragon,0
692,Clauncher,6,70,50,53,62,44,0.5,8.3,water,,0
693,Clawitzer,6,70,71,73,88,59,1.3,35.3,water,,0
694,Helioptile,6,70,44,38,33,70,0.5,6,electric,normal,0
695,Heliolisk,6,70,62,55,52,109,1,21,electric,normal,0
696,Tyrunt,6,70,58,89,77,48,0.8,26,rock,dragon,0
697,Tyrantrum,6,70,82,121,119,71,2.5,270,rock,dragon,0
698,Amaura,6,70,77,59,50,46,1.3,25.2,rock,ice,0
699,Aurorus,6,70,123,77,72,58,2.7,225,rock,ice,0
700,Sylveon,6,70,95,65,65,60,1,23.5,fairy,,0
701,Hawlucha,6,70,78,92,75,118,0.8,21.5,fighting,flying,0
702,Dedenne,6,70,67,58,57,101,0.2,2.2,electric,fairy,0
703,Carbink,6,70,50,50,150,50,0.3,5.7,rock,fairy,0
704,Goomy,6,35,45,50,35,40,0.3,2.8,dragon,,0
705,Sliggoo,6,35,68,75,53,60,0.8,17.5,dragon,,0
706,Goodra,6,35,90,100,70,80,2,150.5,dragon,,0
707,Klefki,6,70,57,80,91,75,0.2,3,steel,fairy,0
708,Phantump,6,70,43,70,48,38,0.4,7,ghost,grass,0
709,Trevenant,6,70,85,110,76,56,1.5,71,ghost,grass,0
710,Pumpkaboo,6,70,59,66,70,41,0.8,15,ghost,grass,0
711,Gourgeist,6,70,85,100,122,54,1.7,39,ghost,grass,0
712,Bergmite,6,70,55,69,85,28,1,99.5,ice,,0
713,Avalugg,6,70,95,117,184,28,2,505,ice,,0
714,Noibat,6,70,40,30,35,55,0.5,8,flying,dragon,0
715,Noivern,6,70,85,70,80,123,1.5,85,flying,dragon,0
716,Xerneas,6,0,126,131,95,99,3,215,fairy,,1
717,Yveltal,6,0,126,131,95,99,5.8,203,dark,flying,1
718,Zygarde,6,0,216,100,121,85,5,284.6,dragon,ground,1
719,Diancie,6,70,50,160,110,110,0.7,8.8,rock,fairy,1
720,Hoopa,6,100,80,160,60,80,0.5,9,psychic,ghost,1
721,Volcanion,6,100,80,110,120,70,1.7,195,fire,water,1
722,Rowlet,7,70,68,55,55,42,0.3,1.5,grass,flying,0
723,Dartrix,7,70,78,75,75,52,0.7,16,grass,flying,0
724,Decidueye,7,70,78,107,75,70,1.6,36.6,grass,ghost,0
725,Litten,7,70,45,65,40,70,0.4,4.3,fire,,0
726,Torracat,7,70,65,85,50,90,0.7,25,fire,,0
727,Incineroar,7,70,95,115,90,60,1.8,83,fire,dark,0
728,Popplio,7,70,50,54,54,40,0.4,7.5,water,,0
729,Brionne,7,70,60,69,69,50,0.6,17.5,water,,0
730,Primarina,7,70,80,74,74,60,1.8,44,water,fairy,0
731,Pikipek,7,70,35,75,30,65,0.3,1.2,normal,flying,0
732,Trumbeak,7,70,55,85,50,75,0.6,14.8,normal,flying,0
733,Toucannon,7,70,80,120,75,60,1.1,26,normal,flying,0
734,Yungoos,7,70,48,70,30,45,0.4,6,normal,,0
735,Gumshoos,7,70,88,110,60,45,0.7,14.2,normal,,0
736,Grubbin,7,70,47,62,45,46,0.4,4.4,bug,,0
737,Charjabug,7,70,57,82,95,36,0.5,10.5,bug,electric,0
738,Vikavolt,7,70,77,70,90,43,1.5,45,bug,electric,0
739,Crabrawler,7,70,47,82,57,63,0.6,7,fighting,,0
740,Crabominable,7,70,97,132,77,43,1.7,180,fighting,ice,0
741,Oricorio,7,70,75,70,70,93,0.6,3.4,fire,flying,0
742,Cutiefly,7,70,40,45,40,84,0.1,0.2,bug,fairy,0
743,Ribombee,7,70,60,55,60,124,0.2,0.5,bug,fairy,0
744,Rockruff,7,70,45,65,40,60,0.5,9.2,rock,,0
745,Lycanroc,7,70,85,115,75,82,0.8,25,rock,,0
746,Wishiwashi,7,70,45,140,130,30,0.2,0.3,water,,0
747,Mareanie,7,70,50,53,62,45,0.4,8,poison,water,0
748,Toxapex,7,70,50,63,152,35,0.7,14.5,poison,water,0
749,Mudbray,7,70,70,100,70,45,1,110,ground,,0
750,Mudsdale,7,70,100,125,100,35,2.5,920,ground,,0
751,Dewpider,7,70,38,40,52,27,0.3,4,water,bug,0
752,Araquanid,7,70,68,70,92,42,1.8,82,water,bug,0
753,Fomantis,7,70,40,55,35,35,0.3,1.5,grass,,0
754,Lurantis,7,70,70,105,90,45,0.9,18.5,grass,,0
755,Morelull,7,70,40,35,55,15,0.2,1.5,grass,fairy,0
756,Shiinotic,7,70,60,45,80,30,1,11.5,grass,fairy,0
757,Salandit,7,70,48,44,40,77,0.6,4.8,poison,fire,0
758,Salazzle,7,70,68,64,60,117,1.2,22.2,poison,fire,0
759,Stufful,7,70,70,75,50,50,0.5,6.8,normal,fighting,0
760,Bewear,7,70,120,125,80,60,2.1,135,normal,fighting,0
761,Bounsweet,7,70,42,30,38,32,0.3,3.2,grass,,0
762,Steenee,7,70,52,40,48,62,0.7,8.2,grass,,0
763,Tsareena,7,70,72,120,98,72,1.2,21.4,grass,,0
764,Comfey,7,70,51,52,90,100,0.1,0.3,fairy,,0
765,Oranguru,7,70,90,60,80,60,1.5,76,normal,psychic,0
766,Passimian,7,70,100,120,90,80,2,82.8,fighting,,0
767,Wimpod,7,70,25,35,40,80,0.5,12,bug,water,0
768,Golisopod,7,70,75,125,140,40,2,108,bug,water,0
769,Sandygast,7,70,55,55,80,15,0.5,70,ghost,ground,0
770,Palossand,7,70,85,75,110,35,1.3,250,ghost,ground,0
771,Pyukumuku,7,70,55,60,130,5,0.3,1.2,water,,0
772,Type: Null,7,0,95,95,95,59,1.9,120.5,normal,,0
773,Silvally,7,0,95,95,95,95,2.3,100.5,normal,,0
774,Minior,7,70,60,100,60,120,0.3,40,rock,flying,0
775,Komala,7,70,65,115,65,65,0.4,19.9,normal,,0
776,Turtonator,7,70,60,78,135,36,2,212,fire,dragon,0
777,Togedemaru,7,70,65,98,63,96,0.3,3.3,electric,steel,0
778,Mimikyu,7,70,55,90,80,96,0.2,0.7,ghost,fairy,0
779,Bruxish,7,70,68,105,70,92,0.9,19,water,psychic,0
780,Drampa,7,70,78,60,85,36,3,185,normal,dragon,0
781,Dhelmise,7,70,70,131,100,40,3.9,210,ghost,grass,0
782,Jangmo-o,7,70,45,55,65,45,0.6,29.7,dragon,,0
783,Hakamo-o,7,70,55,75,90,65,1.2,47,dragon,fighting,0
784,Kommo-o,7,70,75,110,125,85,1.6,78.2,dragon,fighting,0
785,Tapu Koko,7,70,70,115,85,130,1.8,20.5,electric,fairy,1
786,Tapu Lele,7,70,70,85,75,95,1.2,18.6,psychic,fairy,1
787,Tapu Bulu,7,70,70,130,115,75,1.9,45.5,grass,fairy,1
788,Tapu Fini,7,70,70,75,115,85,1.3,21.2,water,fairy,1
789,Cosmog,7,0,43,29,31,37,0.2,0.1,psychic,,1
790,Cosmoem,7,0,43,29,131,37,0.1,999.9,psychic,,1
791,Solgaleo,7,0,137,137,107,97,3.4,230,psychic,steel,1
792,Lunala,7,0,137,113,89,97,4,120,psychic,ghost,1
793,Nihilego,7,0,109,53,47,103,1.2,55.5,rock,poison,1
794,Buzzwole,7,0,107,139,139,79,2.4,333.6,bug,fighting,1
795,Pheromosa,7,0,71,137,37,151,1.8,25,bug,fighting,1
796,Xurkitree,7,0,83,89,71,83,3.8,100,electric,,1
797,Celesteela,7,0,97,101,103,61,9.2,999.9,steel,flying,1
798,Kartana,7,0,59,181,131,109,0.3,0.1,grass,steel,1
799,Guzzlord,7,0,223,101,53,43,5.5,888,dark,dragon,1
800,Necrozma,7,0,97,107,101,79,2.4,230,psychic,,1
801,Magearna,7,0,80,95,115,65,1,80.5,steel,fairy,1